index	#1 Label	#2 ImageID	#3 String	#3 String
1	1	1475907742892277760	Mismo lugar, dos relatos diferentes. #penitenciariadellitoral	penitenciariadellitoral 
2	1	1475904761253838850	#RadioAmbato || #URGENTE  Alerta de amotinamiento en la c√°rcel regional 8 de #Guayaquil. La Ministra de Gobierno Alexandra Vela y periodistas se encontraban realizando un recorrido por el exterior de la #Penitenciar√≠a cuando tuvieron que ser desalojados.  	Guayaquil
3	1	1471901542626308100	Gu√≠as penitenciarios indican que requieren material antimotines y m√°s personal para evitar nuevos hechos violentos en este centro de rehabilitaci√≥n.  #Ecuador #crisiscarcelaria #cotopaxi #c√°rcellatacunga #motinesc√°rceles #guayaquil #Quito #cuenca #snai #Latacunga	c√°rcellatacunga
4	0	1470234418677702656	M√°s cr√≥nicas rojas en Ecuador. En Salinas, Manta, por todos lados. Sigue la #inseguridad en el pa√≠s. Hasta cu√°ndo Padre Almeida. Vean est√°s terribles noticias. @PoliciaEcuador  @MinGobiernoEc	inseguridad 
5	0	1466176153815760909	Desde 2019 tenemos un debilitamiento del sistema penitenciario que ha agravado la #CrisisCarcelaria. Queremos la participaci√≥n de @CIDH ante evidentes inobservancias, indolencia e inacci√≥n del Gobierno y del Estado. No hay control en las c√°rceles. @SeguridadAN	CrisisCarcelaria
6	1	1466173073271447561	Tania Reneaum, secretaria Ejecutiva de la @CIDH, agradece por el informe de la #CrisisCarcelaria que ser√° revisado para emitir sus observaciones. Refiere la importancia de la garant√≠a los derechos de los PPL y de la prevalencia de un sistema de rehabilitaci√≥n social.	CrisisCarcelaria
7	2	1466171630804254727	Recibimos en la Comisi√≥n de @SeguridadAN a los delegados de la @CIDH para entregar el informe sobre la #CrisisCarcelaria en Ecuador. Queremos que su acompa√±amiento nos ayude a vigilar el cumplimiento de las recomendaciones efectuadas al sistema penitenciario.	CrisisCarcelaria
8	0	1465378268908040193	Es necesario mantener una subcomisi√≥n para seguimiento de las recomendaciones. Es lamentable, pero siguen present√°ndose irregularidades en los centros penitenciarios. El Gobierno debe tomar acciones urgentes. #CrisisCarcelaria   #MujerChimboracense  	CrisisCarcelaria
9	2	1465376998767972363	En la sesi√≥n de la Comisi√≥n de @SeguridadAN aprobamos la conformaci√≥n de una subcomisi√≥n para seguimiento de las observaciones planteadas en el informe de #CrisisCarcelaria, que la integraremos con @JorgePintoD, @geraldineweberm y @Rodrigo_Fajar12   #MujerChimboracense  	CrisisCarcelaria
10	1	1465098072850145284	#Editorial  ‚ÄùCrisis de seguridad‚Äù.   #Opinion #Ecuador #Inseguridad #CrisisCarcelaria 	Inseguridad 
11	2	1463535780106801161	Felicitamos a los clubes de Jurisprudencia #UCE, por la organizaci√≥n y esfuerzo abordando "La Crisis Carcelaria en üá™üá®", que se beneficie el debate, el pensamiento cr√≠tico, la investigaci√≥n fortaleciendo la academia.  #SoyCentral #CrisisCarcelaria	CrisisCarcelaria
12	1	1463126763295363076	Autopsias a los cad√°veres de los ppl‚Äôs asesinados en la masacre carcelaria / informe especial Historias AINE  @HgarciaJonathan #URGENTE #CrisisCarcelaria #PenitenciariaDelLitoral #loschoneros  #Fito #Guayaquil #GuillermoLasso #CarcelesEcuador #fito	CarcelesEcuador
13	1	1463110920641650688	#Entrevista  En momentos de una severa crisis de seguridad y carcelaria ¬øc√≥mo nos benefici√≥ la visita de #IvanDuque presidente de Colombia?‚Ä¶  @andyendara Polit√≥lo  #Sucesos #WuanPlus #CrisisCarcelaria 	Sucesos
14	0	1462803072200187908	El Estado y el Gobierno han hecho poco por los privados de libertad y sus familias. Tampoco se ha retomado el control de las c√°rceles y hay un riesgo de que m√°s personas, incluso inocentes, sean asesinadas en otras masacres.   #CrisisCarcelaria @SeguridadAN 	CrisisCarcelaria 
15	2	1462801190551527425	Que la #Inseguridad no te gana la batalla!!!  #SeguridadFamiliar. #Seguridad	SeguridadFamiliar
16	2	1462798111856893955	Sesi√≥n 058 de la Comisi√≥n de @SeguridadAN en la que recibimos a @DEFENSORIAEC para conocer acciones sobre la #CrisisCarcelaria. Tambi√©n revisamos art√≠culos del proyecto de Ley de Personal y Disciplina de las @FFAAECUADOR   #MujerChimboracense 	CrisisCarcelaria
17	1	1462563304111591430	#Entrevista   Una #CrisisCarcelaria provocada por 14 a√±os donde se entreg√≥ el pa√≠s al narcotr√°fico. As√≠ lo asegura @guido_chiriboga Asamble√≠sta de @CREOEcuador  	CrisisCarcelaria
18	1	1462485944209182724	#Editorial  Crisis carcelaria‚Äù.  Editorial por @HectorYepezM   #CrisisCarcelaria #Opinion 	CrisisCarcelaria
19	1	1462091813267943424	Mi art√≠culo de opini√≥n: A VISTA Y PACIENCIA. #CrisisCarcelaria üá™üá® @espectador90	CrisisCarcelaria
20	1	1462070926653239298	El valor de la verdad   #ALas10HablaElMashi muchos temas que tratar y debemos estar informados con la verdad. #CrisisCarcelaria #PandoraPapers	PandoraPapers
21	1	1461867062230462471	#ECUADOR | Vigilia por #VictorGuaillas, dirigente de Molleturo que luch√≥ en defensa del agua contra la miner√≠a. El r√©gimen lo encarcel√≥ y fue asesinado en la #PenitenciariaDelLitoral.  Su gente reclama justicia. El Estado ecuatoriano, @Lenin y @LassoGuillermo deber√°n responder	PenitenciariaDelLitoral
22	1	1461765779205070848	#Entrevista  Una #CrisisCarcelaria sin precedentes en el pa√≠s. ¬øNuestro marco legal nos permite combatirla efectivamente?  @AndreBenavidesM Abogado Constitucionalista  #MasacreCarcelaria #PenitenciariaDelLitoral	MasacreCarcelaria
23	0	1461692751272153092	sobre la #CrisisCarcelaria siguen culpando a Correa.  Entre los cinco no hacen uno. Verg√ºenza de medio @tctelevision 	CrisisCarcelaria 
24	1	1461685678497013765	#PenitenciariaDelLitoral #CrisisCarcelaria #pray #prayer #Oracion 	PenitenciariaDelLitoral
25	0	1461552869967122434	La #ProformaPresupuestaria2022 est√° desconectada por completo de la realidad, afecta a la salud, educaci√≥n, recorta recursos para atenci√≥n de la #CrisisCarcelaria y desconoce a sectores prioritarios, por ello, apoyamos que sea observada y retorne al ejecutivo.	ProformaPresupuestaria2022 
26	1	1461532770753257472	#Entrevista  El Movimiento @CREOEcuador en la #AsambleaNacional ¬øcu√°l es la postura frente a la #CrisisCarcelaria y c√≥mo apoya al Ejecutivo?‚Ä¶  @guido_chiriboga Asamble√≠sta de CREO  Mira la entrevista	AsambleaNacional
27	0	1461335501454127110	¬°Insisto! Dejen el show y la improvisaci√≥n jur√≠dica, restablezcan la institucionalidad para enfrentar la #CrisisCarcelaria , conformen una comisi√≥n de expertos nacionales e internacionales para la estrategia,pero por favor dejen de ver Rambo I, Rambo II, Rambo III y Rambo IV.	CrisisCarcelaria 
28	2	1461309318473695235	#CrisisCarcelaria Aprobamos el informe de la Comisi√≥n de @SeguridadAN respecto a la crisis carcelaria e inseguridad ciudadana. Es un tema urgente y prioritario en el pa√≠s. #ZamoraChinchipeConVoz 	CrisisCarcelaria
29	0	1461163401124753408	Victor fue una de las 68 v√≠ctimas de la masacre en la #PenitenciariaDelLitoral del 12-13 de noviembre. Fue detenido a ra√≠z del #ParoNacional de Octubre de 2019 y acusado de ‚Äúsabotaje‚Äù. √âl era activista por el agua y los derechos de la naturaleza	PenitenciariaDelLitoral
30	2	1461160964301148174	#Entrevista  Propuesta de reforma penal que el gobierno espera implementar para terminar con la #CrisisCarcelaria ‚Ä¶ ¬øqu√© opinan los expertos?  @clsanchezg Abogado Penalista. Mira la entrevista  #MasacreCarcelaria #Penitenciaria	Entrevista 
31	0	1461139072961978379	#VigiliaDonV√≠ctorGuaillas v√≠ctima en la √∫ltima masacre en #Penitenciar√≠aDelLitoral el pasado #12N #13N. Activista por el agua y los derechos de la naturaleza de San Pedro de Yumate, Molleturo.	Penitenciar√≠aDelLitoral 
32	1	1461118782907289601	ATENCI√ìN | Seg√∫n informe de inteligencia, los jefes de las bandas criminales en Penitenciaria del Litoral,  habr√≠an dispuesto acciones violentas en caso de un posible traslado a otras c√°rceles.   #La5Pata #NosotrosLaBuscamos #Ecuador #MasacreCarcelaria #penitenciaria	MasacreCarcelaria 
33	0	1461103710877237255	#AHORA | Se da inicio a la velada y plant√≥n en la Plaza Grande, frente a la Carondelet, por #V√≠ctorGuaillas y todas las v√≠ctimas de #CrisisCarcelaria.   √önete a la velada.  ¬°Exigimos verdad, justicia y reparaci√≥n!	CrisisCarcelaria
34	1	1461014679845847042	Estimados compa√±eros les comparto la agenda legislativa que se desarrolla #ahora en el #pleno de la @AsambleaEcuador   Debatiendo sobre #CrisisCarcelaria qu√© vive el #Ecuador y sobre todo en #Guayaquil #ID #DanielOnofa #Pol√≠ticasP√∫blicas #Inseguridad	CrisisCarcelaria 
35	1	1460994827068358663	En pocos minutos se instala la Asamblea, abordar√°n el tema de la #CrisisCarcelaria	CrisisCarcelaria 
36	1	1460982458749534227	#Entrevista   ¬øCu√°l es la postura y aporte de la @AsambleaEcuador frente a la nueva #MasacreCarcelaria y #CrisisCarcelaria en general?  @johannamoreirac Asamble√≠sta por la @ID12Ecuador   Mira la entrevista 	Entrevista 
37	1	1460957336735039488	@FaustoCoboM3 y su "guerra" en la #PenitenciariaDelLitoral  	PenitenciariaDelLitoral  
38	1	1460682445716656143	Mientras Ronny Aleaga asamble√≠sta de la bancada UNES conocido en los Latin Kings como alias King Reaper pide ante #crisisPenitenciaria actue el Comando Conjunto de las FFAA, la bancada de #Pachakutik acusa al estado de #CrisisCarcelaria porque no brinda garant√≠as para buen vivir.	crisisPenitenciaria 
39	0	1460647596087721987	#CrisisCarcelaria #Ecuador	CrisisCarcelaria 
40	2	1460634177498398724	Una apuesta pol√≠tica por la memoria y la b√∫squeda de justicia ante la omision estatal. √önete a la vigilia este mi√©rcoles 17 en la ciudad de Cuenca a las 17h00PM. Por #DonV√≠ctorGuaillas y las otras 323 personas que han muerto en las c√°rceles en este 2021 #CrisisCarcelaria	CrisisCarcelaria 
41	0	1460626684936339459	CRISIS CARCELARIA E INSEGURIDAD | Al escuchar al Pdte. Lasso sobre las medidas para enfrentar la #CrisisCarcelaria , me acord√© de que arreglar√≠a en los primeros 100 minutos el desastre que atravesamos.   Fue m√°s de lo mismo y me temo que no ser√° la soluci√≥n.  	CrisisCarcelaria 
42	1	1460613146251436032	"Ante la aceptaci√≥n de que la #CrisisCarcelaria, es una amenaza de injerencia externa, hay que enfrentarla como tal y eso implican soluciones integrales al corto plazo pero permanentes" 	CrisisCarcelaria
43	0	1460581205955461123	¬øYa se puede decir que Lasso = Len√≠n? ¬øO todav√≠a hay que "dejarlo gobernar"?  #CrisisCarcelaria INEPTOS #PenitenciariaDelLitoral #LassoEsUnFracasso #LassoEvasor	CrisisCarcelaria 
44	1	1460448509363171335	Dejar√© esto por aqu√≠  #CrisisCarcelaria 	CrisisCarcelaria 
45	1	1460427039970893827	Que hace el #GobiernoDelEncuentro  amenazando a los jefes de las mafias, para luego decir que se va a conformar una comisi√≥n para que vayan a la #PenitenciariaDelLitoral  con el fin de buscar una pacificaci√≥n entre bandas. No entend√≠ esa parte de la cadena. Es lo uno o lo otro.	GobiernoDelEncuentro  
46	1	1460415857469935616	‚ÄúTipificaremos el nuevo delito de autor√≠a por dominio de organizaci√≥n‚Äù, anuncia el presidente @LassoGuillermo. Se apunta a l√≠deres de mafias narcocriminales dentro de las c√°rceles. #CrisisCarcelaria #MasacreCarcelaria 	MasacreCarcelaria 
47	0	1460410894148591620	Para la foto como que no pasa nada y que digan que estamos trabajando as√≠ como las √∫ltimas crisis carcelarias , los muertos , cu√°les muertos ? Que vayan y los recojan ...#PenitenciariaDelLitoral #crisisPenitenciaria #CrisisCarcelaria #LassoEsUnFracasso #LassoRenuncia 	LassoEsUnFracasso 
48	1	1460406080241127426	Bueno... Creo que se la pasaron BOMBI en memoria de los asesinatos en la #PenitenciariaDelLitoral sonrisas de oreja a oreja.	PenitenciariaDelLitoral 
49	1	1460374229715759113	Operativo indefinido dentro de la Penitenciar√≠a   #infoNacional | 1000 efectivos entre polic√≠as y militares ingresaron a la Penitenciar√≠a del Litoral con la finalidad de recobrar el orden. El Gobierno asegura que la presencia ser√° indefinida. . . . . . #Ecuador #CrisisCarcelaria	CrisisCarcelaria 
50	1	1460371814694141962	#Atenci√≥n   #InfoNacional | El presidente Guillermo Lasso anuncia 7 acciones que las entidades gubernamentales adoptar√°n para enfrentar la crisis carcelaria en el #Ecuador.   #crisiscarcelaria 	crisiscarcelaria 
51	1	1460367217154007047	Plant√≥n en #memoriatrans asesinadas durante el 2021 incluida Helen Maldonado que fue calcinada en #CrisisCarcelaria  	CrisisCarcelaria
52	1	1460363360449482758	Plant√≥n en #memoriatrans asesinadas durante el 2021 incluida Helen Maldonado que fue calcinada en #CrisisCarcelaria  	CrisisCarcelaria
53	1	1460339515210571782	Mi pa√≠s vive un juego eterno de la soga entre la derecha recalcitrante y una izquierda victimista. üá™üá® #Ecuador #Politica #disappointment #CrisisCarcelaria 	CrisisCarcelaria 
54	1	1460315284233928704	@FFAAECUADOR  En la #CarcelesEcuador  Por #CrisisCarcelaria  #RT #Noticias 	CarcelesEcuador 
55	1	1460314382852927496	luego de la #CrisisCarcelaria  Y tremenda Matanza Del cual fallece testigo del caso Salcedo  #EcuatorianosEnElExterior  #increible  	EcuatorianosEnElExterior 
56	0	1460311456746987531	"En la Penitenciar√≠a masacraron a V√≠ctor". ‚ö∞  Un art√≠culo @ACampanaRemache, publicado en @el_telegrafo, sobre otra de las v√≠ctimas de la #CrisisCarcelaria, un activista por los derechos de la naturaleza: #V√≠ctorGuaillas. 	CrisisCarcelaria
57	0	1460299299019964417	La @BancadaUNES en rueda de prensa exigimos la  renuncia de las autoridades responsables frente a la grave #CrisisCarcelaria. Son alrededor de 330 PPL que fallecen en las carceles. @ColectivoCc3 #JhajairaUrrestaDDHH	CrisisCarcelaria
58	2	1460296895474147329	Otra propuesta es activar indultos para delitos menores, dotar de tecnolog√≠a a los centros penitenciarios e iniciar un proceso contundente para eliminar de ra√≠z la corrupci√≥n al interior de estos centros.  @BancadaUNESec #CrisisCarcelaria  @RC5Oficial 	CrisisCarcelaria 
59	2	1460296887857262594	‚úîProponemos activar mesas ampliadas de trabajo, solicitamos a la @PoliciaEcuador  y las Fuerzas Armadas intervengan en el control de las c√°rceles asegurando ante todo los derechos humanos.  #CrisisCarcelaria #MasacreCarcelaria @BancadaUNESec	CrisisCarcelaria 
60	1	1460286230592213001	[Rueda de Prensa] Asamble√≠stas de la @BancadaUNESec y de la Comisi√≥n de @SeguridadAN comunicamos nuestra postura frente a la grave #CrisisCarcelaria que deja alrededor de 330 PPL masacrados en violentas matanzas en las c√°rceles, entre ellas la Penitenciar√≠a del Litoral. 	CrisisCarcelaria 
61	0	1460276466453819402	Derechos corruptos de un pa√≠s que olvida su historia‚Ä¶ hace 14 a√±os las leyes favorecen a esos antisociales que roban y masacran a gente inocente y seres humanos. #MasacreCarcelaria #DerechosHumanos #CrisisCarcelaria #PenitenciariaDelLitoral #Penitenciaria	PenitenciariaDelLitoral 
62	2	1460262033232998412	¬°Buen d√≠a! Comparto con ustedes la agenda que cumplir√© hoy, en la @AsambleaEcuador üá™üá®: 11h00  Rueda de prensa de la @BancadaUNES por el tema #CrisisCarcelaria. 13h00  Comisi√≥n de @soberanialimen. 16h00  Sesi√≥n No. 738 del Pleno. 	CrisisCarcelaria
63	0	1460255813755457542	Plant√≥n y Colocaci√≥n de cruces en memoria de LGBT y mujeres trans asesinadas  FECHA: Lunes 15 de noviembre 2021 HORA: 10h00 a 11h00am LUGAR: Fiscal√≠a, C√≥rdoba y V.MRend√≥n, Guayaquil  Tambi√©n pediremos justicia por Helen Maldonado, quien muri√≥ tr√°gicamente en la #CrisisCarcelaria	CrisisCarcelaria 
64	2	1460245618182475776	Hoy 15 de noviembre rendimos homenaje a h√©roes ca√≠dos en 1922...pero al mismo tiempo, reclamar justicia por los ppl que fueron masacrados en #PenitenciariaDelLitoral .  Los culpables deben pagar c√°rcel.#LassoEsUnFracasso #LassoEvassor .	PenitenciariaDelLitoral 
65	0	1460238770226270211	#yabasta  @LassoGuillermo  Hora de cambios  En su #GobiernoDelEncuentro  Las carceles siguen  #CrisisCarcelaria   si no se toma decisiones se ve venir  + muertes Ya no hay control #PenitenciariaDelLitoral  El pa√≠s Ecuador pide  Respuestas de seguridad  #ecuatorianosenelextrajero	PenitenciariaDelLitoral 
66	0	1460224623665201155	#nolvidar #noolvidar  #CrisisCarcelaria	CrisisCarcelaria 
67	1	1460223914362212354	Experto mexicano, objetivamente, contradice la tesis de vocero oficial y dem√°s panelistas, respecto del m√≥vil de las masacres; las acciones que debieron tomarse y las medidas urgentes para evitarlas.. Que el odio y la pol√≠tica no nos hagan perder la objetividad! #CrisisCarcelaria	CrisisCarcelaria 
68	0	1460192841775337474	Deber√≠an renunciar? Por supuesto. Y primero en salir por incompetente #LassoEsUnFracasso #LassoEvassor Con #PandoraPapers y por asesinatos #PenitenciariaDelLitoral; hay suficientes causales para juicio y c√°rcel.  #LassoRenuncia . 	PandoraPapers 
69	2	1460192654449336320	Igualmente agradeci√≥ a Bol√≠var Garz√≥n por sus servicios al frente de la @SNAI_Ec y encarg√≥ al Crnel @FaustoCoboM3 actual Secret de Inteligencia Estrat√©gica. #CrisisCarcelaria 	CrisisCarcelaria 
70	2	1460191985986383874	Es oficial con decreto 256 el pdte Guillermo Lasso reemplaz√≥ al Alm J. Cabrera por el Gral Fabi√°n Fuel como nuevo jefe del CCFFAA @FFAAECUADOR Fuel se desempe√±aba como Cdte.Gral del @EjercitoECU @DefensaEc #CrisisCarcelaria 	CrisisCarcelaria 
71	1	1460131448279773184	Una solucion para la #crisiscarcelaria en Guayaquil.	crisiscarcelaria 
72	0	1460122759133024260	Esta foto de @sarabandes012 me record√≥ el #Guayaquil de la pandemia, El Ata√∫d en llamas. ¬øPor qu√© no se acaba la muerte ah√≠? Entre la #CrisisCarcelaria y la #pandemia hay un factor: la corrupci√≥n.   #PenitenciariaDelLitoral  #DDHH 	PenitenciariaDelLitoral 
73	2	1460105703419531264	#CrisisCarcelaria | El pdte @LassoGuillermo se reuni√≥ con las m√°ximas autoridades de la @PoliciaEcuador, @FFAAECUADOR y la ministra de @MinGobiernoEc, @AlexandraVelaP, para definir acciones frente a la situaci√≥n de las c√°rceles. El jefe de Estado oficializ√≥ las primeras acciones. 	CrisisCarcelaria 
74	1	1460096508821389316	#Atenci√≥n   #InfoNacional | Mediante un comunicado oficial, Polic√≠a Nacional desmiente la supuesta renuncia de la comandante general Tannya Varela.   #Ecuador #CrisisCarcelaria #PenitenciariaDelLitoral 	CrisisCarcelaria 
75	1	1460094758672646150	Reuni√≥n urgente para abordar la #crisiscarcelaria ser√° llevada a cabo ma√±ana a las 12:00, en la Gobernaci√≥n del Guayas. Los presidentes de todas las funciones del Estado fueron llamados por @LassoGuillermo  @ComunicacionEc 	crisiscarcelaria 
76	1	1460079594426535936	#Urgente Ha renunciado Jorge Cabrera, Jefe del Comando Conjunto de las Fuerzas Armadas, m√°xima autoridad militar del pa√≠s. Se da en pleno estado de excepci√≥n y en medio de la #CrisisCarcelaria.   En desarrollo #ATENCION  #prensadigital 	Urgente
77	0	1460078899895885824	Para la #Historia  #CrisisCarcelaria 	CrisisCarcelaria 
78	2	1460065344169680901	#URGENTE  Gral. Fabi√°n Fuel, ser√≠a el nuevo Jefe del Comando Conjunto de las @FFAAECUADOR   #CrisisCarcelaria  #Matanzas  #PenitenciariaDelLitoral	Matanzas 
79	1	1460061848275935240	El almirante Jorge Cabrera present√≥ su renuncia como Jefe del Comando Conjunto de las Fuerzas Armadas del #Ecuador. El motivo ser√≠a por la falta de respaldo para cumplir el rol de seguridad durante la #CrisisCarcelaria. Estuvo 6 meses en el cargo y 42 a√±os de servicio militar. 	CrisisCarcelaria
80	1	1460054084803874817	#IMPORTANTE |   Vicealmirante #JorgeCabrera present√≥ su renuncia al cargo de Jefe del Comando Conjunto de las Fuerzas Armadas. La dimisi√≥n solicitada por el Pdte @LassoGuillermo se da en pleno #EstadoDeExcepci√≥n y tras una nueva matanza en la #PenitenciariaDelLitoral 	PenitenciariaDelLitoral 
81	1	1460052933593210883	#YO, c√≥mo el 99.9% de los ecuatorianos, esperando que el sr. Pdte. @LassoGuillermo d√© el ‚Äúanuncio importante‚Äù para resolver la #CrisisCarcelaria  #PenitenciariaDelLitoral  #EcuadorEstadoFallido  #DDHH	PenitenciariaDelLitoral 
82	0	1460042127790985220	¬øEl porte libre de armas es la soluci√≥n para la delincuencia o solo provocar√° un aumento de violencia en el pa√≠s?  #Inseguridad   @ArmasLibre #Ecuador 	Inseguridad  
83	2	1460040286852292612	#HOY|| Trabajamos responsablemente para dar respuestas ante la #CrisisCarcelaria e #Inseguridad que vivimos en el pais.   #Aqu√≠  el pronunciamiento que hemos desarrollado como Comisi√≥n @SeguridadAN.  #FiscalizacionCrisisCarcelaria  #Inseguridad  #BancadaID 	Inseguridad 
84	2	1460037460877099008	Este fin de semana  estuve en varios sectores de #Dur√°n. Desde mi espacio legislativo siempre estar√© trabajando por mi ciudad.  En la Cdla.Modular hablamos sobre la  #CrisisCarcelaria y c√≥mo esta situaci√≥n repercute en el tema de seguridad del cant√≥n y del pa√≠s.	CrisisCarcelaria 
85	1	1460035462878404611	#ATENCI√ìN | En pleno Estado de Excepci√≥n el almirante Jorge Cabrera, jefe del Comando Conjunto de @FFAAECUADOR, present√≥ su renuncia al cargo.   La decisi√≥n estar√≠a ligada a la falta de respaldo para cumplir el rol de seguridad durante la #CrisisCarcelaria. 	CrisisCarcelaria
86	1	1460006226570498059	#CrisisCarcelaria #PenitenciariaDelLitoral #Ecuador https://t.co/P9ohc3K1jq 	PenitenciariaDelLitoral 
87	1	1459982632419315723	#InfoNacional | Extraoficialmente se conoce que entre los asesinados en la masacre registrada en la #PenitenciariaDelLitoral est√°n Abraham Mu√±oz y V√≠ctor Chele, quienes estaban sentenciados por vender medicinas del IESS. 	PenitenciariaDelLitoral 
88	2	1459978578561540098	La severa crisis que afecta el sistema penitenciario requiere de acciones concretas y estructurales. Por esa raz√≥n nos encontramos en mesa de trabajo desde @SeguridadAN, queremos aportar con posibles soluciones a la #CrisisCarcelaria trabajamos por la paz que necesita el pa√≠s.	CrisisCarcelaria 
89	0	1459968925995782147	#Historias  #CrisisCarcelaria 	CrisisCarcelaria 
90	1	1459961285022564356	#Editorial   ‚ÄùConsecuencias sobre la falta de estabilidad pol√≠tica y seguridad‚Äù. Editorial por @AnitaMGalarzaA     #Opinion #Domingo #Penitenciaria #Politica 	Penitenciaria 
91	0	1459953819132047364	Son las madres, hijas, parejas q cargan tambi√©n la #CrisisCarcelaria con su violencia, no solo por las persona q est√° detenida, sino por la pobreza, por el olvido y un d√≠a cualquier reciben mensajes de despedidas de su PPL horas m√°s tarde est√°n lloran a sus muertos. 	CrisisCarcelaria
92	0	1459949554896412679	#CrisisCarcelaria en la #PenintenciariaDelLitoral @LassoGuillermo le arrebataron la vida al defensor del agua que fue encarcelado en las protestas del 2019. Exigimos justicia, no m√°s impunidad. Y no m√°s silencios c√≥mplices por parte del Estado.	PenintenciariaDelLitoral 
93	0	1459930209218613249	#14Nov - #Ecuadorüá™üá® Un reo se electrocut√≥ cuando intentaba fugarse de la c√°rcel de Machala mientras ocurr√≠an enfrentamientos en la #Penitenciar√≠aDelLitoral.   ‚Ñπ @quenoticiasecuador  #News #Noticias #Informativo #Actualidad #YoSoyPlay #PlayTv 	Penitenciar√≠aDelLitoral 
94	1	1459916416539414528	@parentesisuio Entre las v√≠ctimas de la masacre dentro de #PenitenciariaDelLitoral se encuentra el Defensor del Agua, V√≠ctor Guayllas. Fue sentenciado por participar del #ParoNacional de Octubre 2019. La #CrisisCarcelaria es humanitaria resultado de la falta de gobernabilidad.  @DDHH_Alianza 	PenitenciariaDelLitoral 
95	1	1459905688549924866	ministra: No veo el GO ni la Av Baltica gobernador: espere, ya lo busco en google comandante: mejor juguemos parchis #CrisisCarcelaria #PenitenciariaDelLitoral	PenitenciariaDelLitoral 
96	0	1459897937002209284	RT #Reb√©lateEcuador  ‚Äúfuertes con los d√©biles, d√©biles con los fuertes¬ª.  La fuerza p√∫blica, represora del viejo estado est√° cooptada y es c√≥mplice de la actual situaci√≥n, que ha sumido al pa√≠s en el descalabro social.  #LassoEsUnFracasso #LassoEsCorrea  #PenitenciariaDelLitoral	PenitenciariaDelLitoral 
97	0	1459879617611943936	¬øPorqu√© los polic√≠as no actuaron en la masacre de la #Penitenciar√≠aDelLitoral   Por nuestra basura de Constituci√≥n y jueces corruptos. Que corta es la memoria de la gente.	Penitenciar√≠aDelLitoral 
98	0	1459871710715518984	Que este video quede constancia de que pudieron hacer algo y no hicieron nada, se√±ores. Ya est√°n adentro #PenitenciariaDelLitoral #CrisisCarcelaria	CrisisCarcelaria
99	0	1459861952864436232	#CrisisCarcelaria El no era delincuente. Victor Guaillas campesino que fue aprehendido en las protestas de octubre 2019. Condenado por cinco a√±os por el delito de sabotaje.	CrisisCarcelaria
100	0	1459839963214884865	#LassoRenuncia  #LassoEvassor  #PenitenciariaDelLitoral 	PenitenciariaDelLitoral 
101	0	1459837965241356288	#PenitenciariaDelLitoral  #LassoEsUnFracasso  #LassoRenuncia  #LassoEsPandora 	PenitenciariaDelLitoral 
102	0	1459743205327519746	Emotivos y desgarradores mensajes de privados de la libertad, antes de morir en la #PenitenciariaDelLitoral. Una palabra se reitera: madre, mam√°, mami, vieja.  #CrisisCarcelaria #Ecuador 	CrisisCarcelaria 
103	1	1459731309132136449	ATENCI√ìN | Vocero de la presidencia, Carlos Jij√≥n, informa que la situaci√≥n en la Penitenciaria del Litoral est√° controlada con Polic√≠as en el interior  y militares en los exteriores.  #La5pata #NosotrosLaBuscamos #Ecuador #Lasso #crisiscarcelaria 	crisiscarcelaria 
104	0	1459728273307586566	La imagen habla por s√≠ sola... Fuerte!!  #Ecuador #CrisisCarcelaria #PenintenciariaDelLitoral 	CrisisCarcelaria
105	0	1459721230202908673	OTRO comunicado del gobierno y de acciones efectivas... Cero Polito cero...  #CrisisCarcelaria #penitencieriadellitoral	penitencieriadellitoral 
106	0	1459708336115433477	#LassoEsMuerte #PenitenciariaDelLitoral #CrisisCarcelaria  #LasAlertasSeHicieronTemprano  Prohibido normalizar las masacres en las c√°rceles del pa√≠s.	CrisisCarcelaria 
107	0	1459707601894133761	#PenitenciariaDelLitoral #CrisisCarcelaria  #LasAlertasSeHicieronTemprano  Los asesinaron!! 	LasAlertasSeHicieronTemprano
108	0	1459705994389381123	#PenitenciariaDelLitoral #CrisisCarcelaria üá™üá® #LasAlertasSeHicieronTemprano  Mientras una nueva masacre arrebataba vidas, el presidente Guillermo Lasso, el gobierno del Guayas, Pablo Arosemena, la alcaldesa de Guayaquil, Cynthia Viteri y la prefecta del Guayas,	LasAlertasSeHicieronTemprano
109	1	1459698589224026112	Es urgente, al momento, establecer un punto de informaci√≥n y/o sistema para que las familias sepan el estado de sus familiares al interior de la Penitenciar√≠a del Litoral. Hay desesperaci√≥n y pocas respuestas. #CrisisCarcelaria 	CrisisCarcelaria 
110	1	1459696951327404037	#CrisisCarcelaria | Visit√© la Penitenciar√≠a del Litoral para conocer la situaci√≥n en este centro carcelario. Es lamentable esta nueva matanza que deja 68 PPL asesinados y m√°s de 330 en este a√±o. La situaci√≥n es compleja para familias que exigen informaci√≥n. @MashiRafael 	CrisisCarcelaria
111	0	1459690915317137409	#ATENCI√ìN | .La Comisi√≥n de Seguridad de la @AsambleaEcuador sesionar√° el mi√©rcoles, 5 d√≠as despu√©s de esta √∫ltima masacre en la #PenitenciariaDelLitoral.  ¬°INVEROS√çMIL! 	PenitenciariaDelLitoral
112	0	1459689323276771328	#RadioAmbato || #URGENTE  Carlos Jij√≥n, vocero de la Presidencia, informa que se registran nuevos enfrentamientos en la #Penitenciar√≠aDelLitoral.  Los internos del pabell√≥n 12 atacan a los del pabell√≥n 7.  Noticia en desarrollo.	Penitenciar√≠aDelLitoral 
113	0	1459685018540851204	Cuando no se sabe comunicar, por m√°s aparato econ√≥mico que se tenga... "Lo que Natura no da, Salamanca no presta"...   Y se vienen los memes, resultado del mal manejo de la comunicaci√≥n de crisis.  #CrisisCarcelaria  #Penitenciaria  #penitencieriadellitoral	CrisisCarcelaria 
114	0	1459676222666027009	4-3-3 que en ataque viene a ser 4-2-4... cuidado con el contra golpe. DT. @AlexandraVelaP #PenitenciariaDelLitoral	PenitenciariaDelLitoral 
115	0	1459675425735692299 #AHORA @CorteConstEcu rechaza declaraciones del Pdte. @LassoGuillermo indicando que el primer mandatario est√° evadiendo sus propias responsabilidades.  #CrisisCarcelaria  #penitencieriadellitoral  #Ecuador 	CrisisCarcelaria 
116	1	1459673544871366656	La @CorteConstEcu en la verificaci√≥n y seguimiento de los dict√°menes de estado de excepci√≥n en materia penitenciaria podr√≠a destituir a m√°s de un funcionario... incluyendo Gobernadores, Ministros o Presidente de la Rep√∫blica. Basta de lavarse las manos ante la #CrisisCarcelaria	CrisisCarcelaria 
117	1	1459672683352834054	Algo no me cuadra en esta foto... Juzguen el contexto de cada una de las personas...   Ustedes que dicen?   #CrisisCarcelaria  #penitencieriadellitoral  #Penitenciaria	CrisisCarcelaria 
118	0	1459669361191538688	SE√ëORES!!!  REPITAN CONMIGO...  1.. 2.. 3...   EL DEBER DE UN GOBIERNO NO ES CONTAR MUERTOS... SU OBLIGACI√ìN ES EVITARLOS!!! (BIS).  #penitencieriadellitoral  #CrisisCarcelaria  #EcuadorEstadoFallido  #Ecuador 	CrisisCarcelaria 
119	0	1459667385707810821	ATENCI√ìN | La Comisi√≥n recomend√≥ al Gobierno trasladar a los presos de pabellones en riesgo de la Penitenciar√≠a del Litoral, y de otros centros carcelarios, a lugares transitorios hasta que se recupere el orden.  #La5Pata #NosotrosLaBuscamos #Ecuador #crisiscarcelaria 	crisiscarcelaria 
120	1	1459660961481175043	¬øY si consecionamos las c√°rceles (administraci√≥n) a la inversi√≥n extranjera en vez de las el√©ctricas que si generan ingresos??? #Penitenciaria #CrisisCarcelaria	CrisisCarcelaria 
121	1	1459659729861419014	#Atenci√≥n  #InfoNacional | El Gobierno confirma nuevos incidentes entre el pabell√≥n 12 y el 7 de la #Penitenciar√≠aDelLitoral.   #Ecuador 	Penitenciar√≠aDelLitoral 
122	1	1459658311842910209	ATENCI√ìN | El organismo subray√≥ que desde 2019 ha advertido que la crisis carcelaria requiere acciones concretas diferentes a las que pueden ser adoptadas en un Estado de Excepci√≥n. @CorteConstEcu  #La5Pata #NosotrosLaBuscamos #Ecuador #crisiscarcelaria 	crisiscarcelaria 
123	1	1459657063764791297	ATENCI√ìN |  Esta medida habr√≠a sido tomada en solidaridad por los asesinatos ocurridos este 12 y 13 de noviembre en la Penitenciar√≠a del Litoral.  #La5pata #NosotrosLaBuscamos #Ecuador #crisiscarcelaria	crisiscarcelaria 
124	0	1459656695437832193	#Urgente  #InfoNacional | Se registran nuevos desmanes al interior de la #Penitenciar√≠aDelLitoral.   #Ecuador 	Penitenciar√≠aDelLitoral 
125	1	1459654954751336453	Los correctivos que debe tomar el #Presidente es hacer una limpieza total de su c√≠rculo  pol√≠tico y demostrar que est√° capacitado para gobernar. El #liderazgo se demuestra desde la toma de decisiones y comunicaci√≥n. Cc. @LassoGuillermo #compol #PenitenciariaDelLitoral #Ecuador 	liderazgo
126	0	1459654758306914304	#InfoNacional | Datos preliminares de la #SNAI registran:  58 PPL fallecidos 12 heridos   #Ecuador #PenitenciariaDelLitoral 	PenitenciariaDelLitoral 
127	0	1459653814567456773	#CrisisCarcelaria | Hasta el momento se registran 25 heridos y 68 fallecidos, tras la nueva masacre que se vivi√≥ hoy en la #Penitenciar√≠aDelLitoral.  El hecho se suscit√≥ mientras @LassoGuillermo celebraba el aniversario del Cuerpo de Infanter√≠a de Marina de los Estados Unidos. 	Penitenciar√≠aDelLitoral 
128	1	1459653473079865347	ATENCI√ìN | Reos del pabell√≥n 12 intentaron ingresar al 7.  #La5Pata #NosotrosLaBuscamos #Ecuador #crisiscarcelaria.	crisiscarcelaria 
129	1	1459645165560336391	ATENCI√ìN | Solicit√≥, asimismo, que el @SNAI_Ec act√∫e con celeridad al impulsar procedimientos orientados a beneficios penitenciarios.  #La5Pata #NosotrosLaBuscamos #Ecuador #crisiscarcelaria 	crisiscarcelaria 
130	0	1459637466382618630	A este gobierno se le est√° pasando el chuchaqui d la farra del viernes noche q, mientras estaban de caviar en la embajada gringa, en la #PenitenciariaDelLitoral estaban matando ! Es responsabilidad del gobierno la gesti√≥n del Pa√≠s incluido los privados de libertad, que piensan??	PenitenciariaDelLitoral 
131	0	1459636740977799175	La @CorteConstEcu rechaza el "llamado de atenci√≥n" por parte del presidente @LassoGuillermo, tras la masacre en la #PenitenciariaDelLitoral	PenitenciariaDelLitoral 
132	0	1459633245088325641	Sin imaginar que dentro del listado de personas fallecidas en la #PenitenciariaDelLitoral se encuentra Abraham Mu√±oz , impactante! Hagamos siempre el bien y nunca usemos para nuestro beneficio la desgracia de otros , lecci√≥n de vida . #CrisisCarcelaria 	PenitenciariaDelLitoral 
133	0	1459627771395813379	ACTUALIZACI√ìN | Datos de acuerdo de la @FiscaliaEcuador .  #La5Pata #NosotrosLaBuscamos #Ecuador #crisiscarcelaria	crisiscarcelaria 
134	0	1459627416863793155	#CrisisCarcelaria | La @FiscaliaEcuador se√±al√≥ que son 68 las personas asesinadas en el √∫ltimo incidente registrado en la Penitenciar√≠a del Litoral en #Guayaquil.  Adem√°s se reportan 25 heridos. 	Guayaquil
135	1	1459626707388973060	Claro Correa les di√≥ la oportunidad  y gobern√≥ con terroristas  pandilleros y narcos!  Hoy el pa√≠s es un caos y junto a eso contamos con un gobierno TIM0RATO, SIN RUMBO NI SOLUCIONES!!  #PenitenciariaDelLitoral 	PenitenciariaDelLitoral 
136	0	1459614789819412481	#CrisisCarcelaria | El presidente @LassoGuillermo se pronunci√≥ sobre la reciente crisis en la Penitenciar√≠a del Litoral. Hizo un llamado de atenci√≥n a las instituciones, en especial a la @CorteConstEcu, para contar con herramientas id√≥neas para recobrar el orden en las c√°rceles.	CrisisCarcelaria 
137	1	1459613636935172101	Necesitamos acciones efectivas que paren las masacres. Es momento que todos sumemos esfuerzos para poder combatir la #CrisisCarcelaria que vivimos. @DefensaEc @MinGobiernoEc @BernardaOM @SNAI_Ec  @DEFENSORIAEC #CIES	CrisisCarcelaria
138	0	1459610917100998662	Nueva masacre en la #Peni. La situaci√≥n ya sobrepas√≥ los l√≠mites. #GobiernoNacional no act√∫a seg√∫n la gravedad de este nuevo atentado a la seguridad nacional y se oculta informaci√≥n sobre la realidad de la #CrisisCarcelaria. #EstadoDeExcepci√≥n fue in√∫til para enfrentar la crisis	GobiernoNacional 
139	0	1459604357528313861	@LEXKANDER Segu√≠mos siendo noticia mundial Recuerdan el #octubre2019 Luego el #GuayaquilSOS Luego #LassoEsPandora  Y por varias veces #PenitenciariaDelLitoral	GuayaquilSOS
140	0	1459600061739024388	EL ANUNCIO IMPORTANTE: Culpa a la @CorteConstEcu de la #CrisisCarcelaria y los asesinatos en la #PenitenciariaDelLitoral 	CrisisCarcelaria 
141	1	1459600046635331592	El manejo de crisis y la comunicaci√≥n ahonda la incertidumbre sobre la masacre. La #PoliciaNacional  otorga una cifra de asesinados  y la #Fiscal√≠a dice que son 68. La #comunicacion de Gobierno deber ser eficaz y Lasso carece de profesionales. #compol #PenitenciariaDelLitoral 	PoliciaNacional  
142	1	1459598461297430534	La @FiscaliaEcuador inform√≥ que  el n√∫mero de v√≠ctimas en la #PenitenciariaDelLitoral asciende a 68 asesinados y 25 heridos. La entidad activ√≥ personal misional de la Unidad de Flagrancia, que al momento levanta indicios y evidencias al interior del centro carcelario. 	PenitenciariaDelLitoral 
143	0	1459584585684209679	Ecuador est√° de luto #CrisisCarcelaria #EstadoFallido	EstadoFallido
144	0	1459581156987478017	Las soluciones baratas y simples son las mejores pero parece que a nadie se le ocurre... #PenitenciariaDelLitoral	PenitenciariaDelLitoral 
145	1	1459580998077800448	Se difunde el listado de los PPL del Pabell√≥n Transitorio F2, los que tiene el visto est√°n a salvo. Compartir para que llegue a los familiares de las v√≠ctimas de esta nueva MASACRE EN LA PENITENCIERIA.  #PenitenciariaDelLitoral  #masacrecarcelaria #masacre 	masacrecarcelaria 
146	0	1459580475366948873	#Masacre #Ecuador | #CrisisCarcelaria #PenitenciariaDelLitoral Dentro de los fallecidos se encontrar√≠a #Abraham #Mu√±oz procesado por el caso de robo de medicinas en hospitales habr√≠a sido asesinado en la masacre de la Penitenciar√≠a... A√∫n se espera la lista oficial. 	CrisisCarcelaria 
147	0	1459578938343182340	#CrisisCarcelaria #PenitenciariaDelLitoral Listado de fallecidos en la Penitenciaria del Litoral ( balacera y masacre de anoche ) V√≠a: @raulllerenag	PenitenciariaDelLitoral 
148	0	1459573501858357248	HASTA EL MOMENTO ES LA CIFRA QUE HAN OFICIALIZADO LAS AUTORIDADES. La comandante de la polic√≠a Tanya Varela mencion√≥ que de los 58 fallecidos 10 fueron victimados en el pabell√≥n 2 y el resto en un √°rea denominada como transitoria. #PenitenciariaDelLitoral	PenitenciariaDelLitoral 
149	0	1459571611942674442	#LassoRenuncia El pa√≠s est√° en pedazos.  @PoliciaEcuador sin saber qu√© hacer.  Presidente y Gobernador no enfrentan crisis #PenitenciariaDelLitoral .  #LassoEsUnFracasso	PenitenciariaDelLitoral 
150	0	1459570205974224897	A las 8h27 de este s√°bado la @PoliciaEcuador postea esto. Acaso se refer√≠a a la masacre en la #PenitenciariaDelLitoral. La experta @AlexandraVelaP @MinGobiernoEc ni eso puede controlar ni sancionar. La #Comunicacion sin estrategia es anti profesional #compol #PoliciaNacional.	PoliciaNacional  
